{
	"info": {
		"_postman_id": "72855d39-fa6c-44b5-8f3c-9b944df2ddb3",
		"name": "divic assessment",
		"schema": "https://schema.getpostman.com/json/collection/v2.1.0/collection.json"
	},
	"item": [
		{
			"name": "register",
			"request": {
				"method": "POST",
				"header": [
					{
						"key": "Content-Type",
						"value": "application/json",
						"type": "default"
					}
				],
				"body": {
					"mode": "graphql",
					"graphql": {
						"query": "mutation Register($input: RegisterInput!) {\r\n  register(input: $input) {\r\n    user {\r\n      id\r\n      email\r\n      createdAt\r\n    }\r\n    token\r\n  }\r\n}",
						"variables": "{\r\n    \"input\":{\r\n      \"email\": \"myemailgmail.com\",\r\n      \"password\": \"Greatness.1\"\r\n    }\r\n}"
					},
					"options": {
						"raw": {
							"language": "json"
						}
					}
				},
				"url": {
					"raw": "http://localhost:3000/graphql/",
					"protocol": "http",
					"host": [
						"localhost"
					],
					"port": "3000",
					"path": [
						"graphql",
						""
					]
				}
			},
			"response": []
		},
		{
			"name": "Standard Login",
			"request": {
				"method": "POST",
				"header": [],
				"body": {
					"mode": "graphql",
					"graphql": {
						"query": " mutation Login($input: LoginInput!) { \r\n     login(input: $input) {\r\n          user { \r\n              id \r\n              email \r\n              createdAt \r\n              } token }\r\n               }",
						"variables": "{\r\n    \"input\":{\r\n      \"email\": \"myemail@gmail.com\",\r\n      \"password\": \"Greatness.1\"\r\n    }\r\n}"
					}
				},
				"url": {
					"raw": "http://localhost:3000/graphql/",
					"protocol": "http",
					"host": [
						"localhost"
					],
					"port": "3000",
					"path": [
						"graphql",
						""
					]
				}
			},
			"response": []
		},
		{
			"name": "Biometric Login",
			"request": {
				"method": "POST",
				"header": [],
				"body": {
					"mode": "graphql",
					"graphql": {
						"query": "mutation BiometricLogin($input: BiometricLoginInput!) {\r\n  biometricLogin(input: $input) {\r\n    user {\r\n      id\r\n      email\r\n      createdAt\r\n    }\r\n    token\r\n  }\r\n}",
						"variables": "{\r\n    \"input\": {\r\n      \"biometricKey\": \"greatnessBiometric\"\r\n    }\r\n}"
					}
				},
				"url": {
					"raw": "http://localhost:3000/graphql/",
					"protocol": "http",
					"host": [
						"localhost"
					],
					"port": "3000",
					"path": [
						"graphql",
						""
					]
				}
			},
			"response": []
		},
		{
			"name": "Set User Biometric",
			"request": {
				"auth": {
					"type": "bearer",
					"bearer": [
						{
							"key": "token",
							"value": "eyJhbGciOiJIUzI1NiIsInR5cCI6IkpXVCJ9.eyJlbWFpbCI6Im15ZW1haWxAZ21haWwuY29tIiwic3ViIjoiNGM0M2E2ZGUtN2I5OS00MTg1LWIyYzctYmVhZGIxODc1ZWY2IiwiaWF0IjoxNzQzMDg0MzQ0LCJleHAiOjE3NDMwODc5NDR9.J_yz8CVPhFEUEdft-pkPYyoAyrYiZhEPeUqLVdzBBrI",
							"type": "string"
						}
					]
				},
				"method": "POST",
				"header": [
					{
						"key": "Bearer",
						"value": "eyJhbGciOiJIUzI1NiIsInR5cCI6IkpXVCJ9.eyJlbWFpbCI6InRlc3RAZXhhbXBsZS5jb20iLCJzdWIiOiI4MjY0OTUwZS00YjRjLTQwNGMtOWNiZS0xZTlhMTRjYzViZDYiLCJpYXQiOjE3NDMwNzIyMzksImV4cCI6MTc0MzA3NTgzOX0.Mnp5V2UqvCm2be7xL2dxY0WpjuN0gF6mezLWtgEetuE",
						"type": "default"
					},
					{
						"key": "Content-Type",
						"value": "application/json",
						"type": "default"
					}
				],
				"body": {
					"mode": "graphql",
					"graphql": {
						"query": "mutation SetBiometricKey($input: SetBiometricKeyInput!) { \r\n    setBiometricKey(input: $input) {\r\n         user { \r\n             id \r\n             email\r\n              biometricKey \r\n              createdAt \r\n              }\r\n               token\r\n                } \r\n               }",
						"variables": "{\r\n    \"input\": {\r\n      \"biometricKey\": \"greatnessBiometric\"\r\n    }\r\n  }"
					}
				},
				"url": {
					"raw": "http://localhost:3000/graphql/",
					"protocol": "http",
					"host": [
						"localhost"
					],
					"port": "3000",
					"path": [
						"graphql",
						""
					]
				}
			},
			"response": []
		}
	]
}